sample.id,number.species,temp,nitrogen,s1,s2,s3,total.mass.mg,percent.C.mass,percent.N.mass,respiration.C,total.biomass.C,observed.CUE,s1.C.mass,s2.C.mass,s3.C.mass,s1.C.resp,s2.C.resp,s3.C.resp,mass.pred,resp.pred,CUE.pred,mass.prop,resp.prop,CUE.prop
181,3,16,high,l.carib.s,p.flav.s,p.sang.s,36.0,0.462,0.069,17.5,16.6,0.49,3.37,20.92,8.83,2.4,21.52,5.36,11,9.8,0.531,0.51,0.79,-0.08
182,3,16,high,l.carib.s,p.flav.s,p.sang.s,42.1,0.462,0.069,18.8,19.4,0.51,3.37,20.92,8.83,2.4,21.52,5.36,11,9.8,0.531,0.76,0.93,-0.04
183,3,16,high,l.carib.s,p.flav.s,p.sang.s,35.0,0.462,0.069,16.3,16.2,0.5,3.37,20.92,8.83,2.4,21.52,5.36,11,9.8,0.531,0.47,0.67,-0.06
184,3,16,high,l.carib.s,m.trem.s,p.flav.s,52.1,0.406,0.055,25.3,21.2,0.46,3.37,31.84,20.92,2.4,19.35,21.52,18.7,14.4,0.565,0.13,0.76,-0.19
185,3,16,high,l.carib.s,m.trem.s,p.flav.s,39.5,0.406,0.055,17.4,16,0.48,3.37,31.84,20.92,2.4,19.35,21.52,18.7,14.4,0.565,-0.14,0.21,-0.15
186,3,16,high,l.carib.s,m.trem.s,p.flav.s,NA,0.406,0.055,NA,NA,NA,3.37,31.84,20.92,2.4,19.35,21.52,18.7,14.4,0.565,NA,NA,NA
187,3,16,high,p.flav.s,p.rufa.acer.n,t.chion.n,54.5,0.47,0.065,30.8,25.6,0.45,20.92,28.77,12.88,21.52,18.3,7.68,20.9,15.8,0.568,0.23,0.94,-0.2
188,3,16,high,p.flav.s,p.rufa.acer.n,t.chion.n,49.4,0.47,0.065,25.1,23.2,0.48,20.92,28.77,12.88,21.52,18.3,7.68,20.9,15.8,0.568,0.11,0.59,-0.15
189,3,16,high,p.flav.s,p.rufa.acer.n,t.chion.n,60.9,0.47,0.065,33.4,28.6,0.46,20.92,28.77,12.88,21.52,18.3,7.68,20.9,15.8,0.568,0.37,1.11,-0.19
190,3,16,high,f.fom.n,m.trem.s,p.sang.s,40.7,0.467,0.061,14.6,19,0.57,8.6,31.84,8.83,7.86,19.35,5.36,16.4,10.9,0.602,0.16,0.34,-0.06
191,3,16,high,f.fom.n,m.trem.s,p.sang.s,40.0,0.467,0.061,14.7,18.7,0.56,8.6,31.84,8.83,7.86,19.35,5.36,16.4,10.9,0.602,0.14,0.35,-0.07
192,3,16,high,f.fom.n,m.trem.s,p.sang.s,33.9,0.467,0.061,11.8,15.8,0.57,8.6,31.84,8.83,7.86,19.35,5.36,16.4,10.9,0.602,-0.03,0.09,-0.05
193,3,16,high,f.fom.n,p.pend.n,p.rufa.acer.n,72.5,0.405,0.039,30.4,29.4,0.49,8.6,10.47,28.77,7.86,4.37,18.3,15.9,10.2,0.61,0.84,1.99,-0.19
194,3,16,high,f.fom.n,p.pend.n,p.rufa.acer.n,NA,0.405,0.039,NA,NA,NA,8.6,10.47,28.77,7.86,4.37,18.3,15.9,10.2,0.61,NA,NA,NA
195,3,16,high,f.fom.n,p.pend.n,p.rufa.acer.n,74.1,0.405,0.039,30.7,30,0.49,8.6,10.47,28.77,7.86,4.37,18.3,15.9,10.2,0.61,0.88,2.01,-0.19
196,3,16,high,m.trem.s,p.rufa.acer.n,t.chion.n,76.5,0.474,0.061,29.3,36.3,0.55,31.84,28.77,12.88,19.35,18.3,7.68,24.5,15.1,0.618,0.48,0.94,-0.11
197,3,16,high,m.trem.s,p.rufa.acer.n,t.chion.n,73.4,0.474,0.061,28.9,34.8,0.55,31.84,28.77,12.88,19.35,18.3,7.68,24.5,15.1,0.618,0.42,0.91,-0.12
198,3,16,high,m.trem.s,p.rufa.acer.n,t.chion.n,84.6,0.474,0.061,44,40.1,0.48,31.84,28.77,12.88,19.35,18.3,7.68,24.5,15.1,0.618,0.64,1.91,-0.23
199,3,16,high,p.gilv.n,p.rufa.acer.n,p.sang.s,54.7,0.473,0.063,21.2,25.9,0.55,10.78,28.77,8.83,5.96,18.3,5.36,16.1,9.9,0.62,0.61,1.14,-0.11
200,3,16,high,p.gilv.n,p.rufa.acer.n,p.sang.s,67.3,0.473,0.063,32.5,31.8,0.5,10.78,28.77,8.83,5.96,18.3,5.36,16.1,9.9,0.62,0.97,2.29,-0.2
201,3,16,high,p.gilv.n,p.rufa.acer.n,p.sang.s,54.6,0.473,0.063,25.8,25.8,0.5,10.78,28.77,8.83,5.96,18.3,5.36,16.1,9.9,0.62,0.6,1.61,-0.19
202,3,16,high,m.trem.s,p.pend.n,p.rufa.acer.n,77.8,0.453,0.057,30.4,35.2,0.54,31.84,10.47,28.77,19.35,4.37,18.3,23.7,14,0.628,0.49,1.17,-0.15
203,3,16,high,m.trem.s,p.pend.n,p.rufa.acer.n,76.0,0.453,0.057,26.9,34.4,0.56,31.84,10.47,28.77,19.35,4.37,18.3,23.7,14,0.628,0.45,0.92,-0.11
204,3,16,high,m.trem.s,p.pend.n,p.rufa.acer.n,67.1,0.453,0.057,21.2,30.4,0.59,31.84,10.47,28.77,19.35,4.37,18.3,23.7,14,0.628,0.28,0.51,-0.06
205,3,16,high,p.pend.n,p.rufa.acer.n,t.chion.n,66.0,0.469,0.058,31.5,31,0.5,10.47,28.77,12.88,4.37,18.3,7.68,17.4,10.1,0.632,0.78,2.11,-0.22
206,3,16,high,p.pend.n,p.rufa.acer.n,t.chion.n,NA,0.469,0.058,NA,NA,NA,10.47,28.77,12.88,4.37,18.3,7.68,17.4,10.1,0.632,NA,NA,NA
207,3,16,high,p.pend.n,p.rufa.acer.n,t.chion.n,63.3,0.469,0.058,32.1,29.7,0.48,10.47,28.77,12.88,4.37,18.3,7.68,17.4,10.1,0.632,0.71,2.17,-0.24
208,3,16,high,l.crin.s,m.trem.s,p.pend.n,62.3,0.458,0.046,19.2,28.6,0.6,20.26,31.84,10.47,11.08,19.35,4.37,20.9,11.6,0.643,0.37,0.66,-0.07
209,3,16,high,l.crin.s,m.trem.s,p.pend.n,63.7,0.458,0.046,18.7,29.2,0.61,20.26,31.84,10.47,11.08,19.35,4.37,20.9,11.6,0.643,0.4,0.61,-0.05
210,3,16,high,l.crin.s,m.trem.s,p.pend.n,59.7,0.458,0.046,16.7,27.4,0.62,20.26,31.84,10.47,11.08,19.35,4.37,20.9,11.6,0.643,0.31,0.44,-0.03
211,3,22,high,l.crin.s,p.flav.s,p.rufa.acer.n,82.5,0.459,0.055,85.1,37.9,0.31,50.07,27.36,51.65,47.44,38.22,57.4,43,47.7,0.474,-0.12,0.79,-0.35
212,3,22,high,l.crin.s,p.flav.s,p.rufa.acer.n,100.6,0.459,0.055,87.7,46.2,0.34,50.07,27.36,51.65,47.44,38.22,57.4,43,47.7,0.474,0.07,0.84,-0.27
213,3,22,high,l.crin.s,p.flav.s,p.rufa.acer.n,77.2,0.459,0.055,74.7,35.4,0.32,50.07,27.36,51.65,47.44,38.22,57.4,43,47.7,0.474,-0.18,0.57,-0.32
214,3,22,high,l.crin.s,m.trem.s,p.flav.s,76.4,0.467,0.055,60.6,35.7,0.37,50.07,52.97,27.36,47.44,48.02,38.22,43.5,44.6,0.494,-0.18,0.36,-0.25
215,3,22,high,l.crin.s,m.trem.s,p.flav.s,77.3,0.467,0.055,59.2,36.1,0.38,50.07,52.97,27.36,47.44,48.02,38.22,43.5,44.6,0.494,-0.17,0.33,-0.23
216,3,22,high,l.crin.s,m.trem.s,p.flav.s,93.5,0.467,0.055,71.4,43.7,0.38,50.07,52.97,27.36,47.44,48.02,38.22,43.5,44.6,0.494,0,0.6,-0.23
217,3,22,high,f.fom.n,p.gilv.n,p.rufa.acer.n,113.3,0.464,0.05,65,52.6,0.45,8.65,42.45,51.65,15.26,27.55,57.4,34.2,33.4,0.506,0.54,0.95,-0.12
218,3,22,high,f.fom.n,p.gilv.n,p.rufa.acer.n,112.3,0.464,0.05,62.6,52.1,0.45,8.65,42.45,51.65,15.26,27.55,57.4,34.2,33.4,0.506,0.52,0.87,-0.1
219,3,22,high,f.fom.n,p.gilv.n,p.rufa.acer.n,104.3,0.464,0.05,53.3,48.4,0.48,8.65,42.45,51.65,15.26,27.55,57.4,34.2,33.4,0.506,0.41,0.6,-0.06
220,3,22,high,m.trem.s,p.pend.n,p.rufa.acer.n,110.1,0.469,0.053,67.4,51.6,0.43,52.97,29.95,51.65,48.02,17.2,57.4,44.9,40.9,0.523,0.15,0.65,-0.17
221,3,22,high,m.trem.s,p.pend.n,p.rufa.acer.n,124.8,0.469,0.053,65,58.5,0.47,52.97,29.95,51.65,48.02,17.2,57.4,44.9,40.9,0.523,0.3,0.59,-0.09
222,3,22,high,m.trem.s,p.pend.n,p.rufa.acer.n,101.3,0.469,0.053,62.3,47.5,0.43,52.97,29.95,51.65,48.02,17.2,57.4,44.9,40.9,0.523,0.06,0.52,-0.17
223,3,22,high,l.carib.s,p.rufa.acer.n,t.chion.n,NA,0.464,0.05,NA,NA,NA,6.63,51.65,43.68,6.01,57.4,22.67,34,28.7,0.542,NA,NA,NA
224,3,22,high,l.carib.s,p.rufa.acer.n,t.chion.n,122.5,0.464,0.05,76.8,56.9,0.43,6.63,51.65,43.68,6.01,57.4,22.67,34,28.7,0.542,0.67,1.68,-0.22
225,3,22,high,l.carib.s,p.rufa.acer.n,t.chion.n,112.6,0.464,0.05,70.2,52.3,0.43,6.63,51.65,43.68,6.01,57.4,22.67,34,28.7,0.542,0.54,1.45,-0.21
226,3,22,high,l.crin.s,m.trem.s,t.chion.n,81.9,0.464,0.051,39.6,38,0.49,50.07,52.97,43.68,47.44,48.02,22.67,48.9,39.4,0.554,-0.22,0.01,-0.12
227,3,22,high,l.crin.s,m.trem.s,t.chion.n,104.0,0.464,0.051,51,48.2,0.49,50.07,52.97,43.68,47.44,48.02,22.67,48.9,39.4,0.554,-0.01,0.29,-0.12
228,3,22,high,l.crin.s,m.trem.s,t.chion.n,95.5,0.464,0.051,46,44.3,0.49,50.07,52.97,43.68,47.44,48.02,22.67,48.9,39.4,0.554,-0.09,0.17,-0.11
229,3,22,high,l.crin.s,p.gilv.n,p.sang.s,109.8,0.441,0.046,44.5,48.4,0.52,50.07,42.45,27.53,47.44,27.55,21,40,32,0.556,0.21,0.39,-0.06
230,3,22,high,l.crin.s,p.gilv.n,p.sang.s,94.4,0.441,0.046,40.1,41.6,0.51,50.07,42.45,27.53,47.44,27.55,21,40,32,0.556,0.04,0.25,-0.08
231,3,22,high,l.crin.s,p.gilv.n,p.sang.s,85.4,0.441,0.046,46,37.7,0.45,50.07,42.45,27.53,47.44,27.55,21,40,32,0.556,-0.06,0.44,-0.19
232,3,22,high,p.gilv.n,p.rufa.acer.n,t.chion.n,106.5,0.483,0.052,60.9,51.4,0.46,42.45,51.65,43.68,27.55,57.4,22.67,45.9,35.9,0.561,0.12,0.7,-0.18
233,3,22,high,p.gilv.n,p.rufa.acer.n,t.chion.n,114.5,0.483,0.052,63,55.3,0.47,42.45,51.65,43.68,27.55,57.4,22.67,45.9,35.9,0.561,0.2,0.76,-0.17
234,3,22,high,p.gilv.n,p.rufa.acer.n,t.chion.n,111.4,0.483,0.052,NA,53.8,NA,42.45,51.65,43.68,27.55,57.4,22.67,45.9,35.9,0.561,0.17,NA,NA
235,3,22,high,l.carib.s,p.pend.n,p.sang.s,64.3,0.454,0.037,23.4,29.2,0.56,6.63,29.95,27.53,6.01,17.2,21,21.4,14.7,0.592,0.37,0.59,-0.06
236,3,22,high,l.carib.s,p.pend.n,p.sang.s,NA,0.454,0.037,NA,NA,NA,6.63,29.95,27.53,6.01,17.2,21,21.4,14.7,0.592,NA,NA,NA
237,3,22,high,l.carib.s,p.pend.n,p.sang.s,69.4,0.454,0.037,28,31.5,0.53,6.63,29.95,27.53,6.01,17.2,21,21.4,14.7,0.592,0.47,0.9,-0.1
238,3,22,high,p.gilv.n,p.pend.n,t.chion.n,73.8,0.47,0.054,30,34.7,0.54,42.45,29.95,43.68,27.55,17.2,22.67,38.7,22.5,0.633,-0.1,0.34,-0.15
239,3,22,high,p.gilv.n,p.pend.n,t.chion.n,89.8,0.47,0.054,35,42.2,0.55,42.45,29.95,43.68,27.55,17.2,22.67,38.7,22.5,0.633,0.09,0.56,-0.14
240,3,22,high,p.gilv.n,p.pend.n,t.chion.n,NA,0.47,0.054,NA,NA,NA,42.45,29.95,43.68,27.55,17.2,22.67,38.7,22.5,0.633,NA,NA,NA
241,3,28,high,l.carib.s,p.flav.s,p.rufa.acer.n,79.7,0.464,0.063,96.6,37,0.28,9.06,45.02,61.01,9.79,69.43,82.02,38.4,53.7,0.416,-0.04,0.8,-0.34
242,3,28,high,l.carib.s,p.flav.s,p.rufa.acer.n,85.4,0.464,0.063,107.1,39.6,0.27,9.06,45.02,61.01,9.79,69.43,82.02,38.4,53.7,0.416,0.03,0.99,-0.35
243,3,28,high,l.carib.s,p.flav.s,p.rufa.acer.n,83.5,0.464,0.063,100.4,38.8,0.28,9.06,45.02,61.01,9.79,69.43,82.02,38.4,53.7,0.416,0.01,0.87,-0.33
244,3,28,high,m.trem.s,p.flav.s,p.pend.n,93.7,0.482,0.059,99.3,45.2,0.31,60.15,45.02,33.49,72.45,69.43,34.39,46.2,58.8,0.44,-0.02,0.69,-0.29
245,3,28,high,m.trem.s,p.flav.s,p.pend.n,81.1,0.482,0.059,97.9,39.1,0.29,60.15,45.02,33.49,72.45,69.43,34.39,46.2,58.8,0.44,-0.15,0.67,-0.35
246,3,28,high,m.trem.s,p.flav.s,p.pend.n,92.8,0.482,0.059,99,44.7,0.31,60.15,45.02,33.49,72.45,69.43,34.39,46.2,58.8,0.44,-0.03,0.68,-0.29
247,3,28,high,m.trem.s,p.gilv.n,p.rufa.acer.n,126.5,0.485,0.058,99.1,61.4,0.38,60.15,44.19,61.01,72.45,44.45,82.02,55.1,66.3,0.454,0.11,0.49,-0.16
248,3,28,high,m.trem.s,p.gilv.n,p.rufa.acer.n,121.9,0.485,0.058,99.1,59.1,0.37,60.15,44.19,61.01,72.45,44.45,82.02,55.1,66.3,0.454,0.07,0.5,-0.18
249,3,28,high,m.trem.s,p.gilv.n,p.rufa.acer.n,129.2,0.485,0.058,103,62.7,0.38,60.15,44.19,61.01,72.45,44.45,82.02,55.1,66.3,0.454,0.14,0.55,-0.17
250,3,28,high,l.crin.s,m.trem.s,p.flav.s,96.0,0.477,0.053,103,45.8,0.31,59.52,60.15,45.02,62.12,72.45,69.43,54.9,68,0.447,-0.17,0.51,-0.31
251,3,28,high,l.crin.s,m.trem.s,p.flav.s,94.8,0.477,0.053,108.8,45.2,0.29,59.52,60.15,45.02,62.12,72.45,69.43,54.9,68,0.447,-0.18,0.6,-0.34
252,3,28,high,l.crin.s,m.trem.s,p.flav.s,88.7,0.477,0.053,100.8,42.3,0.3,59.52,60.15,45.02,62.12,72.45,69.43,54.9,68,0.447,-0.23,0.48,-0.34
253,3,28,high,l.crin.s,p.rufa.acer.n,t.chion.n,136.4,0.433,0.044,NA,59.1,NA,59.52,61.01,56.51,62.12,82.02,38.97,59,61,0.492,0,NA,NA
254,3,28,high,l.crin.s,p.rufa.acer.n,t.chion.n,119.6,0.433,0.044,109.3,51.8,0.32,59.52,61.01,56.51,62.12,82.02,38.97,59,61,0.492,-0.12,0.79,-0.35
255,3,28,high,l.crin.s,p.rufa.acer.n,t.chion.n,NA,0.433,0.044,NA,NA,NA,59.52,61.01,56.51,62.12,82.02,38.97,59,61,0.492,NA,NA,NA
256,3,28,high,l.carib.s,l.crin.s,m.trem.s,123.6,0.458,0.049,90.3,56.6,0.39,9.06,59.52,60.15,9.79,62.12,72.45,42.9,48.1,0.471,0.32,0.88,-0.18
257,3,28,high,l.carib.s,l.crin.s,m.trem.s,118.6,0.458,0.049,89.2,54.3,0.38,9.06,59.52,60.15,9.79,62.12,72.45,42.9,48.1,0.471,0.27,0.85,-0.2
258,3,28,high,l.carib.s,l.crin.s,m.trem.s,98.9,0.458,0.049,81.3,45.3,0.36,9.06,59.52,60.15,9.79,62.12,72.45,42.9,48.1,0.471,0.06,0.69,-0.24
259,3,28,high,f.fom.n,l.carib.s,p.gilv.n,50.4,0.463,0.061,44,23.3,0.35,9.11,9.06,44.19,23.72,9.79,44.45,20.8,26,0.444,0.12,0.69,-0.22
260,3,28,high,f.fom.n,l.carib.s,p.gilv.n,56.5,0.463,0.061,49.4,26.2,0.35,9.11,9.06,44.19,23.72,9.79,44.45,20.8,26,0.444,0.26,0.9,-0.22
261,3,28,high,f.fom.n,l.carib.s,p.gilv.n,74.3,0.463,0.061,44.9,34.4,0.43,9.11,9.06,44.19,23.72,9.79,44.45,20.8,26,0.444,0.66,0.73,-0.02
262,3,28,high,l.crin.s,m.trem.s,p.sang.s,79.9,0.486,0.054,88.7,38.8,0.3,59.52,60.15,56.3,62.12,72.45,43.98,58.7,59.5,0.496,-0.34,0.49,-0.39
263,3,28,high,l.crin.s,m.trem.s,p.sang.s,105.0,0.486,0.054,92.2,51,0.36,59.52,60.15,56.3,62.12,72.45,43.98,58.7,59.5,0.496,-0.13,0.55,-0.28
264,3,28,high,l.crin.s,m.trem.s,p.sang.s,92.1,0.486,0.054,93.7,44.8,0.32,59.52,60.15,56.3,62.12,72.45,43.98,58.7,59.5,0.496,-0.24,0.57,-0.35
265,3,28,high,l.crin.s,p.pend.n,p.sang.s,94.7,0.47,0.043,88,44.5,0.34,59.52,33.49,56.3,62.12,34.39,43.98,49.8,46.8,0.515,-0.11,0.88,-0.35
266,3,28,high,l.crin.s,p.pend.n,p.sang.s,97.3,0.47,0.043,93.2,45.7,0.33,59.52,33.49,56.3,62.12,34.39,43.98,49.8,46.8,0.515,-0.08,0.99,-0.36
267,3,28,high,l.crin.s,p.pend.n,p.sang.s,107.1,0.47,0.043,87.4,50.3,0.37,59.52,33.49,56.3,62.12,34.39,43.98,49.8,46.8,0.515,0.01,0.87,-0.29
268,3,28,high,l.carib.s,p.pend.n,t.chion.n,71.8,0.47,0.052,42.4,33.7,0.44,9.06,33.49,56.51,9.79,34.39,38.97,33,27.7,0.544,0.02,0.53,-0.18
269,3,28,high,l.carib.s,p.pend.n,t.chion.n,71.5,0.47,0.052,41.7,33.6,0.45,9.06,33.49,56.51,9.79,34.39,38.97,33,27.7,0.544,0.02,0.51,-0.18
270,3,28,high,l.carib.s,p.pend.n,t.chion.n,69.1,0.47,0.052,40.2,32.4,0.45,9.06,33.49,56.51,9.79,34.39,38.97,33,27.7,0.544,-0.02,0.45,-0.18
271,3,16,low,l.carib.s,l.crin.s,p.rufa.acer.n,5.7,0.446,0.037,3.1,2.5,0.45,0.34,2.23,3.34,0.43,2.76,3.72,2,2.3,0.461,0.28,0.32,-0.02
272,3,16,low,l.carib.s,l.crin.s,p.rufa.acer.n,4.9,0.446,0.037,2.8,2.2,0.44,0.34,2.23,3.34,0.43,2.76,3.72,2,2.3,0.461,0.11,0.23,-0.05
273,3,16,low,l.carib.s,l.crin.s,p.rufa.acer.n,6.5,0.446,0.037,3.3,2.9,0.47,0.34,2.23,3.34,0.43,2.76,3.72,2,2.3,0.461,0.47,0.43,0.02
274,3,16,low,l.crin.s,p.flav.s,t.chion.n,6.1,0.456,0.033,5,2.8,0.36,2.23,5.3,1.58,2.76,5.89,1.79,3,3.5,0.466,-0.09,0.42,-0.23
275,3,16,low,l.crin.s,p.flav.s,t.chion.n,6.9,0.456,0.033,5,3.1,0.39,2.23,5.3,1.58,2.76,5.89,1.79,3,3.5,0.466,0.04,0.44,-0.17
276,3,16,low,l.crin.s,p.flav.s,t.chion.n,6.1,0.456,0.033,4.7,2.8,0.37,2.23,5.3,1.58,2.76,5.89,1.79,3,3.5,0.466,-0.09,0.35,-0.2
277,3,16,low,p.flav.s,p.rufa.acer.n,t.chion.n,10.0,0.443,0.032,6.2,4.4,0.42,5.3,3.34,1.58,5.89,3.72,1.79,3.4,3.8,0.473,0.3,0.62,-0.12
278,3,16,low,p.flav.s,p.rufa.acer.n,t.chion.n,9.0,0.443,0.032,6,4,0.4,5.3,3.34,1.58,5.89,3.72,1.79,3.4,3.8,0.473,0.16,0.58,-0.16
279,3,16,low,p.flav.s,p.rufa.acer.n,t.chion.n,8.8,0.443,0.032,5.8,3.9,0.4,5.3,3.34,1.58,5.89,3.72,1.79,3.4,3.8,0.473,0.14,0.52,-0.15
280,3,16,low,m.trem.s,p.flav.s,p.rufa.acer.n,10.1,0.442,0.03,5.4,4.4,0.45,2.51,5.3,3.34,2.6,5.89,3.72,3.7,4.1,0.477,0.2,0.34,-0.06
281,3,16,low,m.trem.s,p.flav.s,p.rufa.acer.n,13.1,0.442,0.03,6,5.8,0.49,2.51,5.3,3.34,2.6,5.89,3.72,3.7,4.1,0.477,0.55,0.48,0.03
282,3,16,low,m.trem.s,p.flav.s,p.rufa.acer.n,11.1,0.442,0.03,6.2,4.9,0.44,2.51,5.3,3.34,2.6,5.89,3.72,3.7,4.1,0.477,0.32,0.53,-0.08
283,3,16,low,m.trem.s,p.flav.s,p.sang.s,11.3,0.43,0.027,5.4,4.9,0.47,2.51,5.3,1.97,2.6,5.89,1.93,3.3,3.5,0.484,0.49,0.57,-0.03
284,3,16,low,m.trem.s,p.flav.s,p.sang.s,10.7,0.43,0.027,5.6,4.6,0.45,2.51,5.3,1.97,2.6,5.89,1.93,3.3,3.5,0.484,0.41,0.61,-0.07
285,3,16,low,m.trem.s,p.flav.s,p.sang.s,10.7,0.43,0.027,5.5,4.6,0.45,2.51,5.3,1.97,2.6,5.89,1.93,3.3,3.5,0.484,0.41,0.59,-0.06
286,3,16,low,m.trem.s,p.sang.s,t.chion.n,11.3,0.436,0.023,4.1,4.9,0.54,2.51,1.97,1.58,2.6,1.93,1.79,2,2.1,0.489,1.44,0.96,0.11
287,3,16,low,m.trem.s,p.sang.s,t.chion.n,12.9,0.436,0.023,4.2,5.6,0.57,2.51,1.97,1.58,2.6,1.93,1.79,2,2.1,0.489,1.79,1.01,0.17
288,3,16,low,m.trem.s,p.sang.s,t.chion.n,8.2,0.436,0.023,3.7,3.6,0.49,2.51,1.97,1.58,2.6,1.93,1.79,2,2.1,0.489,0.77,0.74,0.01
289,3,16,low,m.trem.s,p.gilv.n,p.rufa.acer.n,15.8,0.423,0.018,4.5,6.7,0.6,2.51,2.2,3.34,2.6,0.93,3.72,2.7,2.4,0.526,1.49,0.86,0.14
290,3,16,low,m.trem.s,p.gilv.n,p.rufa.acer.n,13.2,0.423,0.018,3.8,5.6,0.6,2.51,2.2,3.34,2.6,0.93,3.72,2.7,2.4,0.526,1.08,0.56,0.14
291,3,16,low,m.trem.s,p.gilv.n,p.rufa.acer.n,12.8,0.423,0.018,4,5.4,0.58,2.51,2.2,3.34,2.6,0.93,3.72,2.7,2.4,0.526,1.02,0.64,0.1
292,3,16,low,l.crin.s,p.gilv.n,t.chion.n,7.5,0.45,0.028,2.5,3.4,0.57,2.23,2.2,1.58,2.76,0.93,1.79,2,1.8,0.523,0.69,0.38,0.1
293,3,16,low,l.crin.s,p.gilv.n,t.chion.n,5.3,0.45,0.028,2.4,2.4,0.5,2.23,2.2,1.58,2.76,0.93,1.79,2,1.8,0.523,0.19,0.28,-0.04
294,3,16,low,l.crin.s,p.gilv.n,t.chion.n,5.0,0.45,0.028,2.3,2.3,0.5,2.23,2.2,1.58,2.76,0.93,1.79,2,1.8,0.523,0.13,0.26,-0.05
295,3,16,low,l.crin.s,p.pend.n,p.sang.s,5.8,0.426,0.013,2.3,2.5,0.52,2.23,2.11,1.97,2.76,0.8,1.93,2.1,1.8,0.535,0.18,0.25,-0.03
296,3,16,low,l.crin.s,p.pend.n,p.sang.s,10.3,0.426,0.013,2.6,4.4,0.63,2.23,2.11,1.97,2.76,0.8,1.93,2.1,1.8,0.535,1.09,0.41,0.18
297,3,16,low,l.crin.s,p.pend.n,p.sang.s,9.5,0.426,0.013,2.5,4,0.62,2.23,2.11,1.97,2.76,0.8,1.93,2.1,1.8,0.535,0.91,0.36,0.15
298,3,16,low,f.fom.n,l.crin.s,p.sang.s,6.4,0.414,0.019,2.8,2.7,0.49,3.8,2.23,1.97,1.28,2.76,1.93,2.7,2,0.573,0,0.38,-0.14
299,3,16,low,f.fom.n,l.crin.s,p.sang.s,9.6,0.414,0.019,2.5,4,0.61,3.8,2.23,1.97,1.28,2.76,1.93,2.7,2,0.573,0.49,0.26,0.07
300,3,16,low,f.fom.n,l.crin.s,p.sang.s,5.7,0.414,0.019,2,2.4,0.54,3.8,2.23,1.97,1.28,2.76,1.93,2.7,2,0.573,-0.11,0.02,-0.06
301,3,22,low,l.carib.s,m.trem.s,t.chion.n,9.7,0.462,0.028,6.3,4.5,0.41,2.03,2.57,4.04,3.16,5.65,3.82,2.9,4.2,0.406,0.55,0.5,0.02
302,3,22,low,l.carib.s,m.trem.s,t.chion.n,13.5,0.462,0.028,7.6,6.2,0.45,2.03,2.57,4.04,3.16,5.65,3.82,2.9,4.2,0.406,1.16,0.8,0.11
303,3,22,low,l.carib.s,m.trem.s,t.chion.n,12.6,0.462,0.028,7.5,5.8,0.43,2.03,2.57,4.04,3.16,5.65,3.82,2.9,4.2,0.406,1.02,0.79,0.07
304,3,22,low,f.fom.n,m.trem.s,p.sang.s,10.5,0.437,0.021,7.1,4.6,0.39,8.47,2.57,3.95,6.08,5.65,5.83,5,5.9,0.461,-0.08,0.22,-0.15
305,3,22,low,f.fom.n,m.trem.s,p.sang.s,13.1,0.437,0.021,8,5.7,0.42,8.47,2.57,3.95,6.08,5.65,5.83,5,5.9,0.461,0.15,0.37,-0.1
306,3,22,low,f.fom.n,m.trem.s,p.sang.s,9.6,0.437,0.021,6.6,4.2,0.39,8.47,2.57,3.95,6.08,5.65,5.83,5,5.9,0.461,-0.16,0.13,-0.16
307,3,22,low,l.carib.s,l.crin.s,p.gilv.n,14.5,0.445,0.023,5.9,6.4,0.52,2.03,7.86,6.45,3.16,11.08,3.46,5.4,5.9,0.48,0.18,0,0.09
308,3,22,low,l.carib.s,l.crin.s,p.gilv.n,12.9,0.445,0.023,5.8,5.8,0.5,2.03,7.86,6.45,3.16,11.08,3.46,5.4,5.9,0.48,0.06,-0.02,0.04
309,3,22,low,l.carib.s,l.crin.s,p.gilv.n,NA,0.445,0.023,NA,NA,NA,2.03,7.86,6.45,3.16,11.08,3.46,5.4,5.9,0.48,NA,NA,NA
310,3,22,low,m.trem.s,p.pend.n,p.sang.s,12.0,0.451,0.028,8.5,5.4,0.39,2.57,30.08,3.95,5.65,7.02,5.83,12.2,6.2,0.664,NA,NA,NA
311,3,22,low,m.trem.s,p.pend.n,p.sang.s,11.4,0.451,0.028,NA,5.1,NA,2.57,30.08,3.95,5.65,7.02,5.83,12.2,6.2,0.664,-0.58,NA,NA
312,3,22,low,m.trem.s,p.pend.n,p.sang.s,8.3,0.451,0.028,NA,NA,NA,2.57,30.08,3.95,5.65,7.02,5.83,12.2,6.2,0.664,NA,NA,NA
313,3,22,low,l.crin.s,p.flav.s,t.chion.n,18.0,0.456,0.031,10.2,8.2,0.45,7.86,9.49,4.04,11.08,9.85,3.82,7.1,8.2,0.464,0.15,0.24,-0.04
314,3,22,low,l.crin.s,p.flav.s,t.chion.n,15.6,0.456,0.031,9.8,7.1,0.42,7.86,9.49,4.04,11.08,9.85,3.82,7.1,8.2,0.464,0,0.18,-0.09
315,3,22,low,l.crin.s,p.flav.s,t.chion.n,21.2,0.456,0.031,17.6,9.7,0.35,7.86,9.49,4.04,11.08,9.85,3.82,7.1,8.2,0.464,0.35,1.13,-0.24
316,3,22,low,m.trem.s,p.flav.s,p.rufa.acer.n,13.9,0.444,0.027,11.9,6.2,0.34,2.57,9.49,10.92,5.65,9.85,6.12,7.7,7.2,0.515,-0.19,0.65,-0.34
317,3,22,low,m.trem.s,p.flav.s,p.rufa.acer.n,16.4,0.444,0.027,11.9,7.3,0.38,2.57,9.49,10.92,5.65,9.85,6.12,7.7,7.2,0.515,-0.05,0.65,-0.26
318,3,22,low,m.trem.s,p.flav.s,p.rufa.acer.n,15.7,0.444,0.027,11.6,7,0.38,2.57,9.49,10.92,5.65,9.85,6.12,7.7,7.2,0.515,-0.09,0.61,-0.27
319,3,22,low,f.fom.n,m.trem.s,p.rufa.acer.n,15.0,0.444,0.022,8.6,6.7,0.44,8.47,2.57,10.92,6.08,5.65,6.12,7.3,5.9,0.552,-0.09,0.45,-0.21
320,3,22,low,f.fom.n,m.trem.s,p.rufa.acer.n,14.1,0.444,0.022,8.2,6.3,0.43,8.47,2.57,10.92,6.08,5.65,6.12,7.3,5.9,0.552,-0.15,0.38,-0.22
321,3,22,low,f.fom.n,m.trem.s,p.rufa.acer.n,13.2,0.444,0.022,8.7,5.9,0.4,8.47,2.57,10.92,6.08,5.65,6.12,7.3,5.9,0.552,-0.2,0.47,-0.27
322,3,22,low,p.rufa.acer.n,p.sang.s,t.chion.n,12.1,0.454,0.024,9,5.5,0.38,10.92,3.95,4.04,6.12,5.83,3.82,6.3,5.3,0.545,-0.13,0.71,-0.31
323,3,22,low,p.rufa.acer.n,p.sang.s,t.chion.n,14.1,0.454,0.024,8.2,6.4,0.44,10.92,3.95,4.04,6.12,5.83,3.82,6.3,5.3,0.545,0.01,0.56,-0.2
324,3,22,low,p.rufa.acer.n,p.sang.s,t.chion.n,12.5,0.454,0.024,8.3,5.7,0.41,10.92,3.95,4.04,6.12,5.83,3.82,6.3,5.3,0.545,-0.1,0.58,-0.25
325,3,22,low,l.carib.s,p.rufa.acer.n,t.chion.n,15.1,0.44,0.014,8.4,6.6,0.44,2.03,10.92,4.04,3.16,6.12,3.82,5.7,4.4,0.565,0.17,0.93,-0.22
326,3,22,low,l.carib.s,p.rufa.acer.n,t.chion.n,12.7,0.44,0.014,7.9,5.6,0.42,2.03,10.92,4.04,3.16,6.12,3.82,5.7,4.4,0.565,-0.01,0.8,-0.26
327,3,22,low,l.carib.s,p.rufa.acer.n,t.chion.n,12.6,0.44,0.014,7.4,5.6,0.43,2.03,10.92,4.04,3.16,6.12,3.82,5.7,4.4,0.565,-0.02,0.69,-0.24
328,3,22,low,f.fom.n,p.gilv.n,p.pend.n,27.6,0.422,0.008,4.1,11.7,0.74,8.47,6.45,30.08,6.08,3.46,7.02,15,5.5,0.731,-0.22,-0.25,0.01
329,3,22,low,f.fom.n,p.gilv.n,p.pend.n,36.4,0.422,0.008,5.1,15.4,0.75,8.47,6.45,30.08,6.08,3.46,7.02,15,5.5,0.731,0.02,-0.08,0.03
330,3,22,low,f.fom.n,p.gilv.n,p.pend.n,20.4,0.422,0.008,3.6,8.6,0.7,8.47,6.45,30.08,6.08,3.46,7.02,15,5.5,0.731,-0.42,-0.34,-0.04
331,3,28,low,f.fom.n,l.carib.s,m.trem.s,20.9,0.454,0.024,12.2,9.5,0.44,14.86,1.53,3.71,8.93,3.8,8.34,6.7,7,0.488,0.41,0.73,-0.1
332,3,28,low,f.fom.n,l.carib.s,m.trem.s,13.5,0.454,0.024,10.2,6.1,0.37,14.86,1.53,3.71,8.93,3.8,8.34,6.7,7,0.488,-0.09,0.46,-0.23
333,3,28,low,f.fom.n,l.carib.s,m.trem.s,15.9,0.454,0.024,11.6,7.2,0.38,14.86,1.53,3.71,8.93,3.8,8.34,6.7,7,0.488,0.08,0.65,-0.22
334,3,28,low,l.carib.s,p.flav.s,t.chion.n,17.0,0.443,0.017,14.3,7.5,0.35,1.53,7.09,10.64,3.8,10.72,5.9,6.4,6.8,0.485,0.17,1.1,-0.29
335,3,28,low,l.carib.s,p.flav.s,t.chion.n,19.0,0.443,0.017,NA,8.4,NA,1.53,7.09,10.64,3.8,10.72,5.9,6.4,6.8,0.485,0.31,NA,NA
336,3,28,low,l.carib.s,p.flav.s,t.chion.n,21.3,0.443,0.017,NA,9.4,NA,1.53,7.09,10.64,3.8,10.72,5.9,6.4,6.8,0.485,0.47,NA,NA
337,3,28,low,m.trem.s,p.flav.s,p.sang.s,15.9,0.419,0.011,16.8,6.7,0.28,3.71,7.09,9.58,8.34,10.72,12.32,6.8,10.5,0.394,-0.02,0.61,-0.28
338,3,28,low,m.trem.s,p.flav.s,p.sang.s,16.0,0.419,0.011,17.5,6.7,0.28,3.71,7.09,9.58,8.34,10.72,12.32,6.8,10.5,0.394,-0.01,0.68,-0.3
339,3,28,low,m.trem.s,p.flav.s,p.sang.s,13.1,0.419,0.011,16,5.5,0.26,3.71,7.09,9.58,8.34,10.72,12.32,6.8,10.5,0.394,-0.19,0.53,-0.35
340,3,28,low,f.fom.n,l.carib.s,p.sang.s,14.6,0.444,0.026,11.9,6.5,0.35,14.86,1.53,9.58,8.93,3.8,12.32,8.7,8.3,0.509,-0.25,0.42,-0.31
341,3,28,low,f.fom.n,l.carib.s,p.sang.s,15.5,0.444,0.026,10.8,6.9,0.39,14.86,1.53,9.58,8.93,3.8,12.32,8.7,8.3,0.509,-0.21,0.3,-0.24
342,3,28,low,f.fom.n,l.carib.s,p.sang.s,14.4,0.444,0.026,11.5,6.4,0.36,14.86,1.53,9.58,8.93,3.8,12.32,8.7,8.3,0.509,-0.26,0.38,-0.3
343,3,28,low,f.fom.n,l.crin.s,p.gilv.n,40.4,0.415,0.008,12.5,16.8,0.57,14.86,10.27,27.38,8.93,14.42,8.02,17.5,10.5,0.626,-0.04,0.19,-0.08
344,3,28,low,f.fom.n,l.crin.s,p.gilv.n,37.0,0.415,0.008,13.4,15.4,0.53,14.86,10.27,27.38,8.93,14.42,8.02,17.5,10.5,0.626,-0.12,0.28,-0.15
345,3,28,low,f.fom.n,l.crin.s,p.gilv.n,40.3,0.415,0.008,13.2,16.7,0.56,14.86,10.27,27.38,8.93,14.42,8.02,17.5,10.5,0.626,-0.04,0.27,-0.11
346,3,28,low,l.crin.s,p.gilv.n,t.chion.n,22.3,0.439,0.013,10.5,9.8,0.48,10.27,27.38,10.64,14.42,8.02,5.9,16.1,9.4,0.63,-0.39,0.11,-0.23
347,3,28,low,l.crin.s,p.gilv.n,t.chion.n,29.5,0.439,0.013,12,12.9,0.52,10.27,27.38,10.64,14.42,8.02,5.9,16.1,9.4,0.63,-0.2,0.27,-0.18
348,3,28,low,l.crin.s,p.gilv.n,t.chion.n,32.5,0.439,0.013,11.9,14.3,0.55,10.27,27.38,10.64,14.42,8.02,5.9,16.1,9.4,0.63,-0.11,0.26,-0.13
349,3,28,low,p.flav.s,p.pend.n,p.rufa.acer.n,17.3,0.438,0.025,NA,7.6,0.3,7.09,46.48,14.93,10.72,10.2,8.44,22.8,9.8,0.7,NA,NA,NA
350,3,28,low,p.flav.s,p.pend.n,p.rufa.acer.n,18.5,0.438,0.025,NA,8.1,0.28,7.09,46.48,14.93,10.72,10.2,8.44,22.8,9.8,0.7,NA,NA,NA
351,3,28,low,p.flav.s,p.pend.n,p.rufa.acer.n,16.3,0.438,0.025,NA,7.1,0.27,7.09,46.48,14.93,10.72,10.2,8.44,22.8,9.8,0.7,NA,NA,NA
352,3,28,low,f.fom.n,l.carib.s,p.rufa.acer.n,25.4,0.433,0.015,9.9,11,0.53,14.86,1.53,14.93,8.93,3.8,8.44,10.4,7.1,0.597,0.06,0.41,-0.12
353,3,28,low,f.fom.n,l.carib.s,p.rufa.acer.n,21.2,0.433,0.015,10.5,9.2,0.47,14.86,1.53,14.93,8.93,3.8,8.44,10.4,7.1,0.597,-0.12,0.48,-0.22
354,3,28,low,f.fom.n,l.carib.s,p.rufa.acer.n,NA,0.433,0.015,NA,NA,NA,14.86,1.53,14.93,8.93,3.8,8.44,10.4,7.1,0.597,NA,NA,NA
355,3,28,low,f.fom.n,p.rufa.acer.n,t.chion.n,20.6,0.443,0.016,11.3,9.1,0.45,14.86,14.93,10.64,8.93,8.44,5.9,13.5,7.8,0.635,-0.32,0.45,-0.3
356,3,28,low,f.fom.n,p.rufa.acer.n,t.chion.n,20.1,0.443,0.016,10.7,8.9,0.46,14.86,14.93,10.64,8.93,8.44,5.9,13.5,7.8,0.635,-0.34,0.37,-0.28
357,3,28,low,f.fom.n,p.rufa.acer.n,t.chion.n,23.4,0.443,0.016,12.5,10.4,0.45,14.86,14.93,10.64,8.93,8.44,5.9,13.5,7.8,0.635,-0.23,0.61,-0.28
358,3,28,low,l.carib.s,p.gilv.n,p.pend.n,46.4,0.427,0.007,8.1,19.8,0.71,1.53,27.38,46.48,3.8,8.02,10.2,25.1,7.3,0.774,-0.21,0.1,-0.08
359,3,28,low,l.carib.s,p.gilv.n,p.pend.n,49.8,0.427,0.007,8.6,21.3,0.71,1.53,27.38,46.48,3.8,8.02,10.2,25.1,7.3,0.774,-0.15,0.17,-0.08
360,3,28,low,l.carib.s,p.gilv.n,p.pend.n,38.2,0.427,0.007,7.8,16.3,0.68,1.53,27.38,46.48,3.8,8.02,10.2,25.1,7.3,0.774,-0.35,0.06,-0.13
